"Year","SettlementPoint","HourlyVolatility"
2016,"HB_HOUSTON",0.501116237352924
2017,"HB_HOUSTON",0.412537966108262
2018,"HB_HUBAVG",0.494216151234408
2019,"HB_HUBAVG",0.612305921717748
